{
    "identity": {
        "init_w_numerator": [
            0.0,
            1.0,
            0.0,
            0.0,
            0.0,
            0.0
        ],
        "init_w_denominator": [
            0.0,
            0.0,
            0.0,
            0.0
        ],
        "ub": 20.0,
        "lb": -20.0
    },
    "leaky_relu": {
        "init_w_numerator": [
            0.029792778657264946,
            0.6183735264987601,
            2.323309062531321,
            3.051936237265109,
            1.4854203263828845,
            0.2510244961111299
        ],
        "init_w_denominator": [
            -1.1419548357285474,
            4.393159974992486,
            0.8714712309957245,
            0.34719662339598834
        ],
        "ub": 3,
        "lb": -3
    },
    "tanh": {
        "init_w_numerator": [
            -1.0804622559204184e-08,
            1.0003008043819048,
            -2.5878199375289335e-08,
            0.09632129918392647,
            3.4775841628196104e-09,
            0.0004255709234726337
        ],
        "init_w_denominator": [
            -0.0013027181209176277,
            0.428349017422072,
            1.4524304083061898e-09,
            0.010796648111337176
        ],
        "ub": 3,
        "lb": -3
    },
    "sigmoid": {
        "init_w_numerator": [
            0.4999992534599381,
            0.25002157564685185,
            0.14061924500301096,
            0.049420492431596394,
            0.00876714851885483,
            0.0006442412789159799
        ],
        "init_w_denominator": [
            2.1694506382753683e-09,
            0.28122766100417684,
            1.0123620714203357e-05,
            0.017531988049946
        ],
        "ub": 3,
        "lb": -3
    },
    "relu": {
        "init_w_numerator": [
            0.029963801610813613,
            0.6168978366891341,
            2.37534759733888,
            3.0659900472408443,
            1.5246831881677423,
            0.2528070864040542
        ],
        "init_w_denominator": [
            -1.191550121923625,
            4.4080487697236626,
            0.9110357113686055,
            0.34884977946384615
        ],
        "ub": 3,
        "lb": -3
    },
    "gelu_old": {
        "init_w_numerator": [
            -0.0012423594497499122,
            0.5080497063245629,
            0.41586363182937475,
            0.13022718688035761,
            0.024355900098993424,
            0.00290283948155535
        ],
        "init_w_denominator": [
            -0.06675015696494944,
            0.17927646217001553,
            0.03746682605496631,
            1.6561610853276082e-10
        ],
        "ub": 3,
        "lb": -3
    },
    "gelu": {
        "init_w_numerator": [
            -0.00153969,
            0.51692871,
            0.44075827,
            0.0972553,
            -0.00884418,
            -0.00378675
        ],
        "init_w_denominator": [
            -0.14171056,
            -0.06481231,
            -0.0444695,
            0.01283776
        ],
        "ub": 3,
        "lb": -3
    },
    "swish": {
        "init_w_numerator": [
            3.054879741161051e-07,
            0.5000007853744493,
            0.24999783422824703,
            0.05326628273219478,
            0.005803034571292244,
            0.0002751961022402342
        ],
        "init_w_denominator": [
            -4.111554955950634e-06,
            0.10652899335007572,
            -1.2690007399796238e-06,
            0.0005502331264140556
        ],
        "ub": 3,
        "lb": -3
    },
    "geglu": {
        "init_w_numerator": [
            0.00079642,
            -0.00602563,
            0.49750578,
            0.47691076,
            0.15421425,
            0.0168486
        ],
        "init_w_denominator": [
            -0.12619161,
            -0.20067464,
            -0.03005465,
            0.0027335
        ],
        "ub": 3,
        "lb": -3
    },
    "swishglu": {
        "init_w_numerator": [
            -0.00111528,
            -0.00334562,
            0.53107663,
            0.27851476,
            0.06044361,
            0.00483468
        ],
        "init_w_denominator": [
            0.14408492,
            0.02008671,
            0.02944107,
            -0.00329516
        ],
        "ub": 3,
        "lb": -3
    },
    "leaky_relu_0.1": {
        "init_w_numerator": [
            0.028001623256966722,
            0.6356606448768645,
            1.9230178392192485,
            2.96752700768763,
            1.1911336843997844,
            0.23922607056505849
        ],
        "init_w_denominator": [
            -0.7802079437303349,
            4.278190623059944,
            0.5865922075979962,
            0.33447021316466974
        ],
        "ub": 3.0,
        "lb": -3.0
    },
    "erfc_Softplus_2": {
        "init_w_numerator": [
            0.10685354,
            -0.23290146,
            0.19928975,
            -0.08317628,
            0.01685602,
            -0.0013217
        ],
        "init_w_denominator": [
            -0.04596856,
            0.4134001,
            0.01430384,
            0.03504373
        ],
        "ub": -3.0,
        "lb": 3.0
    }
}